original_query,obfuscated_query_distance,obfuscated_query_angle,obfuscated_query_ratio
do goldfish grow,do str95bb grow,do pet grow,do bowen grow
what is wifi vs bluetooth,what is bluetooth wrldcom bluetooth,what is routers aus bluetooth,what is nick deliberateness bluetooth
why did the us volunterilay enter ww1,why did the us volunterilay allow 24aou94,why did the us volunterilay cannot iraq-iran,why did the us volunterilay 27.33 head
definition declaratory judgment,defines em96 arguing,defines enjoin opinion,nien close corporatewatch
right pelvic pain causes,back abdomen pains causing,out pelvis headaches disease,http://www.hollywood.com azf earthjustice beille
what are the social determinants of health,what are the instance str95bb of benefits,what are the health etiology of hospital,what are the 3.6730 late of karabila
how is the weather in jamaica,how is the colder in bahamas,how is the climate in antigua,how is the alman in hideyuki
types of dysarthria from cerebral palsy,furthermore of ___________________________________________________________ from kd97 muscular,variety of apraxia from brain dystrophy,endate of three from geslacht latifiyah
who is robert gray,who is james __________________________________,who is d. colored,who is jiwamol lestari
what types of food can you cook sous vide,what types of even can you cook js94bb 27aou94,what types of grain can you cook chef tatta,what types of robotman can you cook prosiebensat four
how long is life cycle of flea,how fact is indeed instance of http://www.co.mo.md.us,how have is living phase of bites,how nenova is luhovyk turgut of bestowments
what can contour plowing reduce,what can contour plowing reduce,what can contour plowing reduce,what can contour plowing reduce
when was the salvation army founded,when was the piyanart soldiers founded,when was the liberation armies founded,"when was the 9,330 actor/singer founded"
what is a active margin,what is a engaged k978-1,what is a most slim,what is a 2-18 sovietov
difference between rn and bsn,reason between 59 and posbank,obvious between cdy and sporitelna,bomis between ivanjica and iraq
medicare's definition of mechanical ventilation,hmo 's defining of k978-1 air-conditioning,pension 's implies of engineering filtration,aureum 's gangelhoff of besi riboud
how to find the midsegment of a trapezoid,how to find the midsegment of a kd97,how to find the midsegment of a trapezium,how to find the midsegment of a james
what is an aml surveillance analyst,what is an 24aou94 js94bb economist,what is an obo eavesdropping strategist,what is an pearl gangelhoff bellinzona
what is the daily life of thai people,what is the according so of vietnamese all,what is the editorial how of vietnamese just,what is the torosidis mironski of klemen ettaba
definition of a sigmet,example of a sigmet,parameters of a sigmet,helweh of a sigmet
cost of interior concrete flooring,than of mo95 slabs terrazzo,expensive of kulikov precast plywood,acraea of silique novation darfur
what is the most popular food in switzerland,what is the most unlike eating in netherlands,what is the most widely bread in slovakia,what is the most sangaran graessle in transgressive
how are some sharks warm blooded,how are some k587-1 warm blooded,how are some predators warm blooded,how are some helmerich warm blooded
how long to hold bow in yoga,how even to hold jhaw in postures,how have to hold druh in qigong,how rosnazura to hold testamentum in beeching
what is durable medical equipment consist of,what is kd97 physician devices js94bb of,what is solid medicine materials composed of,what is farpoint u.n.-mediated tiberio wardell of
exons definition biology,alternatively implies studies,encodes defines evolutionary,bureau helweh ryokans
define visceral?,define js03 ?,define evoked ?,define amerithrax ?
tracheids are part of _____.,cw96 are fact of http://www.mounteverest.net .,bellybuttons are in of ___________ .,top are cherveniashka of clearing .
how many liberty ships were built in brunswick,how have http://www.co.mo.md.us destroyers were built in bulletinyyy,how they democracy cargo were built in newfoundland,how .0304 staël dzingai were built in forlan
rsa definition key,bdb94 example vital,sabbatini implies including,a-320 bursatil shanqin
who formed the commonwealth of independent states,who formed the srivalo of however though,who formed the medals of review governments,who formed the baffi of 85.71 kanoksilp
causes of left ventricular hypertrophy,result of went cardiac vice-versa,diseases of right cardiac ventricle,19-5 of goniobranchus lgonzalez census
lps laws definition,cassettes rules refers,reissued provisions defines,yach dewantono leana
causes of military suicide,moreover of generals bombers,causing of weapons killed,24-5 of apiaries aldonas
what is theraderm used for,what is theraderm used for,what is theraderm used for,what is theraderm used for
what is famvir prescribed for,what is +.44 medication for,what is brett.clanton@chron.com drugs for,what is very bechtel for
anthropological definition of environment,ethnography defining of importantly,archaeology hence of conditions,midnight naviera of 40.79
axon terminals or synaptic knob definition,rw95 container or neurotransmitters oly-2004-box concept,synapse platforms or synapse dials define,belarus stuever or tduncan stefano cancellariidae
is cdg airport in main paris,is oly-2004-fhockey logan in the strasbourg,is pučnik tarmac in leading de,is made synergetic in pickhardt egberts
example of monotonic function,addition of mmmals hence,use of bijective hence,santikno of gave mesetas
what is physical description of spruce,what is result describes of balsam,what is and/or describes of hemlock,what is cuvee clergies of sartaj
hydrogen is a liquid below what temperature,nitrogen is a fluid below what celsius,sulfide is a flammable below what thermometer,thoppigala is a llorca below what nachmanoff
difference between a mcdouble and a double cheeseburger,example between a mcdouble and a bb96 rw95,example between a mcdouble and a inning sandwiches,equallogic between a mcdouble and a lubinsky organisation
