query_id,original_query,obfuscated_query_distance,obfuscated_query_angle,obfuscated_query_product
156493,do goldfish grow,do peesk grow,do pepperidge grow,do crackers grow
1110199,what is wifi vs bluetooth,what is wlan ffxf bluetooth,what is chn voip bluetooth,what is hotspots adapters bluetooth
1063750,why did the us volunterilay enter ww1,why did the us volunterilay enter ww1,why did the us volunterilay enter ww1,why did the us volunterilay enter ww1
130510,definition declaratory judgment,therefore differs example,defines implies format,applies homel conviction
489204,right pelvic pain causes,pectoral perineum abdomen think,get painful painful vertebrae,spine thing really severe
573724,what are the social determinants of health,what are the example education of needs,what are the societal matrices of educational,what are the cultural context of virulence
1133167,how is the weather in jamaica,how is the colder in sunny,how is the winds in forecasters,how is the windy in storm
527433,types of dysarthria from cerebral palsy,afflicted of jahch from whereas particular,variety of instance from sulfonate variety,examples of spinal from stibnite variety
1037798,who is robert gray,who is looking prohertrib,who is bob richard,who is richard campbell
915593,what types of food can you cook sous vide,what types of eat can you cook eating localweather,what types of shortages can you cook escoffier dayah,what types of tatta can you cook clothing meals
264014,how long is life cycle of flea,how however is hence well of time,how end is much years of things,how living is way always of instead
1121402,what can contour plowing reduce,what can contour plowing reduce,what can contour plowing reduce,what can contour plowing reduce
962179,when was the salvation army founded,when was the huhfs zhadh founded,when was the repentance armed founded,when was the belief fis founded
1117099,what is a active margin,what is a engaged likewise,what is a polls engaged,what is a well narrowest
148538,difference between rn and bsn,likewise between obvious and gahsh,dp between vysya and significant,ia between contrast and result
451602,medicare's definition of mechanical ventilation,prescription 's benefit of define likewise,welfare 's enrollees of welfare hmo,enrollees 's welfare of benefit refers
359349,how to find the midsegment of a trapezoid,how to find the midsegment of a trapezoid,how to find the midsegment of a trapezoid,how to find the midsegment of a trapezoid
1115776,what is an aml surveillance analyst,what is an ooooooooooooooo spayr lastly,what is an obo obo radar,what is an radar covert wiretapping
1112341,what is the daily life of thai people,what is the rather sunday of srivalo kuhdz,what is the things day of lived news,what is the well well of evening tabloid
131843,definition of a sigmet,definition of a sigmet,definition of a sigmet,definition of a sigmet
104861,cost of interior concrete flooring,tuhv of adding construction addition,increase of kulikov million interiors,amount of interiors result reduce
833860,what is the most popular food in switzerland,what is the most many addition in many,what is the most hugely although in especially,what is the most become favorite in many
207786,how are some sharks warm blooded,how are some ducks warm blooded,how are some ducks warm blooded,how are some predators warm blooded
1132213,how long to hold bow in yoga,how always to hold though in well,how starboard to hold stern in gym,how always to hold rather in years
1114819,what is durable medical equipment consist of,what is healthcare surprisingly indeed addition of,what is consumer devices appliances clinic of,what is lasting machinery mainly medicine of
183378,exons definition biology,define myoot dellcptr,rna defining spliced,codons coding intron
1106007,define visceral?,define sensual ?,define sensory ?,define empathy ?
1124210,tracheids are part of _____.,tracheids are part of _____ .,tracheids are part of _____ .,tracheids are part of _____ .
287683,how many liberty ships were built in brunswick,how wrldcom although hundreds were built in example,how jefferson hundreds hundreds were built in sailing,how philadelphia jefferson handful were built in well
490595,rsa definition key,semiconhtr hnkj genlelec,anoca utd mamelodi,main howell proctor
1103812,who formed the commonwealth of independent states,who formed the piyanart of represented prior,who formed the olympic of australian observers,who formed the formed of states australian
87181,causes of left ventricular hypertrophy,resulting of instance supraventricular example,disease of problems disease diseases,chronic of causing problems diseases
443396,lps laws definition,passed cassettes bulletinyyy,remixes provisions lp,discs eps mixtapes
87452,causes of military suicide,causing of result resulting,causing of problems resulting,troops of occurs effects
855410,what is theraderm used for,what is theraderm used for,what is theraderm used for,what is theraderm used for
1114646,what is famvir prescribed for,what is peesk ryryryryryry for,what is chanjindamanee zoladex for,what is cyanopepla tiazac for
19335,anthropological definition of environment,linguistic evidenced of archaeology,ethnography musicological of applies,notion philological of archaeology
47923,axon terminals or synaptic knob definition,tihg lastly or hypothesized indnsia excitatory,dendrites excitability or shipping cortical concept,atms noster or pipelines atms postsynaptic
405717,is cdg airport in main paris,is fahnt pawf in arriving flights,is penicillata tarmac in plane plane,is louvre crownpoint in flight puƒçnik
182539,example of monotonic function,instance of mmmals particular,parameters of surjective even,even of rather variables
1113437,what is physical description of spruce,what is experience example of additionally,what is fitness birch of skills,what is kind fitness of detailed
1129237,hydrogen is a liquid below what temperature,methane is a atoms below what lithium,deuterium is a sulfide below what oxygen,gaseous is a methane below what oxygen
146187,difference between a mcdouble and a double cheeseburger,difference between a mcdouble and a double cheeseburger,difference between a mcdouble and a double cheeseburger,difference between a mcdouble and a double cheeseburger
